{"cameraMode":{"drawMode":0,"name":"Shaded","section":"Shading Mode"},"sceneLighting":true,"audioPlay":false,"sceneViewState":{"showFog":true,"showMaterialUpdate":false,"showSkybox":true,"showFlares":true,"showImageEffects":true,"showParticleSystems":true},"in2DMode":false,"pivot":{"x":0.00003522634506225586,"y":0.8222119808197022,"z":-4.956503391265869},"rotation":{"x":0.06394913792610169,"y":-0.12480995804071427,"z":0.008061357773840428,"w":0.9900862574577332},"size":3.1439554691314699,"orthographic":false}